"Id";"Designator";"Footprint";"Quantity";"Designation";"Supplier and ref";
1;"U3";"ESP32-WROOM-32";1;"ESP32-WROOM-32";;;
2;"R17,R20,R16,R21,R22,R12,R8";"R_0603_1608Metric";7;"10k";;;
3;"R9,R10";"R_0603_1608Metric";2;"220";;;
4;"TP3,TP2,TP1,TP4";"TestPoint_Pad_D1.0mm";4;"TestPoint";;;
5;"Q4";"SOT-363_SC-70-6";1;"Q_Dual_NPN_NPN_E1B1C2E2B2C1";;;
6;"C1,C4,C3,C7";"C_0603_1608Metric";4;"1u";;;
7;"C9";"C_0603_1608Metric";1;"10u";;;
8;"R19,R5,R11,R7,R15,R1,R14";"R_0603_1608Metric";7;"1M";;;
9;"Q1,Q5";"SOT-23";2;"BSS138";;;
10;"U4";"C7";1;"RV-8263-C7";;;
11;"U2";"SOT-23-5";1;"RT9013";;;
12;"R13,R6";"R_0805_2012Metric";2;"220";;;
13;"D1,D7,D5,D6,D4,D2";"D_SOD-123";6;"D_Schottky_Small";;;
14;"SW2";"SW_SPDT_PCM12";1;"SW_SPDT";;;
15;"JP1";"SolderJumper-3_P1.3mm_Bridged2Bar12_RoundedPad1.0x1.5mm";1;"SolderJumper_3_Bridged12";;;
16;"R4,R18,R2";"R_0603_1608Metric";3;"4M7";;;
17;"H3,H2,H1";"MountingHole_3.2mm_M3_DIN965";3;"MountingHole";;;
18;"SW1";"Molex_Micro-Fit_3.0_43045-0200_2x01_P3.00mm_Horizontal";1;"SW_Reed";;;
19;"C8";"C_0603_1608Metric";1;"100n";;;
20;"J2";"PinSocket_1x07_P2.54mm_Vertical";1;"Conn_01x07_Female";;;
21;"R3";"R_0603_1608Metric";1;"10M";;;
22;"U1";"SOT-23-5";1;"MC74VHC1G86DFT2G";;;
23;"Q2,Q6,Q3";"SOT-23";3;"AO3401A";;;
24;"J3";"JST_PH_S4B-PH-K_1x04_P2.00mm_Horizontal";1;"Conn_01x04_Male";;;
25;"SW4";"SW_SPST_CK_RS282G05A3";1;"BOOT";;;
26;"SW3";"SW_SPST_CK_RS282G05A3";1;"WAKEUP";;;
27;"J1";"JST_PH_B2B-PH-K_1x02_P2.00mm_Vertical";1;"Conn_01x02_Male";;;
28;"D3";"LED_0805_2012Metric";1;"LED";;;
29;"SW5";"SW_SPST_CK_RS282G05A3";1;"RESET";;;
