﻿Designator,Footprint,Quantity,Value,LCSC Part #
"C1, C3, C4, C7",0603,4,1u,
C8,0603,1,100n,
C9,0603,1,10u,
"D1, D2, D4, D5, D6, D7",D_SOD-123,6,D_Schottky_Small,
D3,0805,1,LED,
"H1, H2, H3",MountingHole_3.2mm_M3_DIN965,3,MountingHole,
J1,JST_PH_B2B-PH-K_1x02_P2.00mm_Vertical,1,Conn_01x02_Male,
J2,PinSocket_1x07_P2.54mm_Vertical,1,Conn_01x07_Female,
J3,JST_PH_S4B-PH-K_1x04_P2.00mm_Horizontal,1,Conn_01x04_Male,
JP1,SolderJumper-3_P1.3mm_Bridged2Bar12_RoundedPad1.0x1.5mm,1,SolderJumper_3_Bridged12,
"Q1, Q5",SOT-23,2,BSS138,
"Q2, Q3, Q6",SOT-23,3,AO3401A,
Q4,SOT-363_SC-70-6,1,Q_Dual_NPN_NPN_E1B1C2E2B2C1,
"R1, R11, R14, R15, R19, R5, R7",0603,7,1M,
"R10, R9",0603,2,220,
"R12, R16, R17, R20, R21, R22, R8",0603,7,10k,
"R13, R6",0805,2,220,
"R18, R2, R4",0603,3,4M7,
R3,0603,1,10M,
SW1,Molex_Micro-Fit_3.0_43045-0200_2x01_P3.00mm_Horizontal,1,SW_Reed,
SW2,SW_SPDT_PCM12,1,SW_SPDT,
SW3,SW_SPST_CK_RS282G05A3,1,WAKEUP,
SW4,SW_SPST_CK_RS282G05A3,1,BOOT,
SW5,SW_SPST_CK_RS282G05A3,1,RESET,
"TP1, TP2, TP3, TP4",TestPoint_Pad_D1.0mm,4,TestPoint,
U1,SOT-23-5,1,MC74VHC1G86DFT2G,
U2,SOT-23-5,1,RT9013,
U3,ESP32-WROOM-32,1,ESP32-WROOM-32,
U4,C7,1,RV-8263-C7,
